,title,price,link,shop_url,location
0,3 Sizes Crochet Dog pullover Sweater in ARAN Yarn **PDF Instant Download** Pattern ONLY,3.75,https://www.etsy.com/listing/846835012/3-sizes-crochet-dog-pullover-sweater-in?click_key=705fced70f4836f135bea27e7fa84daf7a50c589%3A846835012&click_sum=3338d2d3&ga_order=most_relevant&ga_search_type=all&ga_view_type=gallery&ga_search_query=dog+sweater&ref=search_in_grid-1-1&pop=1,https://www.etsy.com/shop/OpulentEssenceStore?ref=l2-about-shopname,"Kelty, United Kingdom"
1,Icelandic Dog Sweater - lopapeysa - wool,54.57,https://www.etsy.com/listing/1061069109/icelandic-dog-sweater-lopapeysa-wool?click_key=a28b0b38bab702b8f9ecb9d77a3904b4dc9b84ae%3A1061069109&click_sum=e26ea1fc&ga_order=most_relevant&ga_search_type=all&ga_view_type=gallery&ga_search_query=dog+sweater&ref=search_in_grid-1-2&frs=1&sts=1,https://www.etsy.com/shop/Anganora?ref=l2-about-shopname,"Reykjavik, Iceland"
2,PDF Instant Digital Download 4 dog coats knitting pattern double knit and chunky (2505),1.93,https://www.etsy.com/listing/996932212/pdf-instant-digital-download-4-dog-coats?click_key=0b5c23bf3187ef00854bf521f632d1cfd7a0e4b2%3A996932212&click_sum=838faf4d&ga_order=most_relevant&ga_search_type=all&ga_view_type=gallery&ga_search_query=dog+sweater&ref=search_in_grid-1-3&pop=1&sts=1,https://www.etsy.com/shop/PatternsFromDaisylin?ref=l2-about-shopname,"Wales, United Kingdom"
3,"Dog sweater pattern, Small and Medium dog sweater pattern, Pet stripe sweater crochet pattern, Cat crochet pattern, Sphynx cat sweater.",3.06,https://www.etsy.com/listing/1086884296/dog-sweater-pattern-small-and-medium-dog?click_key=9e74eeb5c9e3948c5b92392a489c378eb4a721fb%3A1086884296&click_sum=e0174e41&ga_order=most_relevant&ga_search_type=all&ga_view_type=gallery&ga_search_query=dog+sweater&ref=search_in_grid-1-4&pro=1&sts=1,https://www.etsy.com/shop/CuteOutfitForDogs?ref=l2-about-shopname,Latvia
4,Maglioncino 100% cashmere “Loro Piana”  per cani di piccola taglia handmade made in Italy cane piccolo small dog teacup jumper dog sweater,52.62,https://www.etsy.com/listing/809378141/maglioncino-100-cashmere-loro-piana-per?click_key=13abb341339f7eca21966a1d2f48f3065e75e90e%3A809378141&click_sum=38b12a31&ga_order=most_relevant&ga_search_type=all&ga_view_type=gallery&ga_search_query=dog+sweater&ref=search_in_grid-1-5,https://www.etsy.com/shop/bebamazzanti66?ref=l2-about-shopname,"City of London, United Kingdom"
5,"Cable Knit Dog Overall, Knitted Dog Sweater, Designer Dog clothes, Pet Clothing, Dog Top and Bottom, Gray Dog Pullover, Turtleneck Sweater",32.40,https://www.etsy.com/listing/209705661/cable-knit-dog-overall-knitted-dog?click_key=45f35f6d3476d6eff6e7859f342a5f77620da45f%3A209705661&click_sum=899eeae9&ga_order=most_relevant&ga_search_type=all&ga_view_type=gallery&ga_search_query=dog+sweater&ref=search_in_grid-1-6&pro=1&sts=1,https://www.etsy.com/shop/BubaDog?ref=l2-about-shopname,Europe
6,"knitting pattern, dogs coat, 3 dog coats in 3 sizes each, pdf, digital download, instant download",1.38,https://www.etsy.com/listing/544363757/knitting-pattern-dogs-coat-3-dog-coats?click_key=c139de949d493cdb863f0e6cbc9204a7c7daec87%3A544363757&click_sum=83cad02d&ga_order=most_relevant&ga_search_type=all&ga_view_type=gallery&ga_search_query=dog+sweater&ref=search_in_grid-1-7&bes=1,https://www.etsy.com/shop/Peachdesigncreate?ref=l2-about-shopname,"Stoke-on-Trent, United Kingdom"
7,Easy Dog Sweater Crochet Pattern | Pink Grey Dog Jumper | Beginner | Instant Digital Download PDF Pattern,4.51,https://www.etsy.com/listing/1108800798/easy-dog-sweater-crochet-pattern-pink?click_key=b79c50b3e355e53a6b32fcdd0cd9a9a35582e230%3A1108800798&click_sum=46ac0a53&ga_order=most_relevant&ga_search_type=all&ga_view_type=gallery&ga_search_query=dog+sweater&ref=search_in_grid-1-8&bes=1,https://www.etsy.com/shop/CrochetByKirby?ref=l2-about-shopname,"Leeds, United Kingdom"
8,PDF Crochet Pattern - Minnie’s turtleneck dog sweater- small dog / puppy clothes,3.13,https://www.etsy.com/listing/939768981/pdf-crochet-pattern-minnies-turtleneck?click_key=7490a52b6637c2cfa8638e6a22df0b25d7d8e701%3A939768981&click_sum=0584cc3d&ga_order=most_relevant&ga_search_type=all&ga_view_type=gallery&ga_search_query=dog+sweater&ref=search_grid-121331-2-1&sts=1,https://www.etsy.com/shop/MemoryLaneCrochetPDF?ref=l2-about-shopname,"Swansea, United Kingdom"
9,Christmas wool dog sweater - wool dog sweater- Christmas dog jumper- small dog jumper - handknitted dog sweater- small dog sweater,48.27,https://www.etsy.com/listing/902570176/christmas-wool-dog-sweater-wool-dog?click_key=34db6f853431ac6a9ae6dc5ecea9c51b8d1c5419%3A902570176&click_sum=59067f7d&ga_order=most_relevant&ga_search_type=all&ga_view_type=gallery&ga_search_query=dog+sweater&ref=search_grid-121331-2-2,https://www.etsy.com/shop/Pupperito?ref=l2-about-shopname,"Copenhagen, Denmark"
10,"44 Dog Clothes Patterns for All Sizes  - Create Individual Pattern for Your Pet - Shirt, Dress, Coat, Polo, Jacket, Overall Sewing Patterns",14.39,https://www.etsy.com/listing/973764441/44-dog-clothes-patterns-for-all-sizes?click_key=94da61ba4f6aecd343a4a79ff017a7fd5e966be4%3A973764441&click_sum=4a4459fe&ga_order=most_relevant&ga_search_type=all&ga_view_type=gallery&ga_search_query=dog+sweater&ref=search_grid-121331-2-3&pro=1,https://www.etsy.com/shop/PatternsByLara?ref=l2-about-shopname,Ukraine
11,"Dinosaur knitted jumper for small dogs, dinosaur sweater for dog, dachshund dinosaur sweater for dogs",30.00,https://www.etsy.com/listing/658472502/dinosaur-knitted-jumper-for-small-dogs?click_key=f3fe26363e288f8fb8e3abd0184dc9422ed7804f%3A658472502&click_sum=c17c0696&ga_order=most_relevant&ga_search_type=all&ga_view_type=gallery&ga_search_query=dog+sweater&ref=search_grid-121331-2-4&sts=1,https://www.etsy.com/shop/dachshundknits?ref=l2-about-shopname,"Kyiv, Ukraine"
12,Nonbinari flag knit dog sweater Rainbow striped cat cardigan Pride pet Pride gifts for pets,44.00,https://www.etsy.com/listing/1248950621/nonbinari-flag-knit-dog-sweater-rainbow?click_key=4d3926e627cbfd26cd21080337510c23daeaaf07%3A1248950621&click_sum=70332fdd&ga_order=most_relevant&ga_search_type=all&ga_view_type=gallery&ga_search_query=dog+sweater&ref=search_grid-121331-2-5&sts=1,https://www.etsy.com/shop/PrettyPetSweater?ref=l2-about-shopname,Ukraine
13,3 Sizes Crochet Dog pullover Sweater in ARAN Yarn **PDF Instant Download** Pattern ONLY,3.75,https://www.etsy.com/listing/846835012/3-sizes-crochet-dog-pullover-sweater-in?click_key=6545db62a72b242612e6f22d9b744eb677cfcbe1%3A846835012&click_sum=d080b708&ga_order=most_relevant&ga_search_type=all&ga_view_type=gallery&ga_search_query=dog+sweater&ref=search_in_grid-1-1&pop=1,https://www.etsy.com/shop/OpulentEssenceStore?ref=l2-about-shopname,"Kelty, United Kingdom"
14,PDF Instant Digital Download 4 dog coats knitting pattern double knit and chunky (2505),1.93,https://www.etsy.com/listing/996932212/pdf-instant-digital-download-4-dog-coats?click_key=f02fcfe2aa06016fb15a6cf76d6b3223c0a733d8%3A996932212&click_sum=5e5edb84&ga_order=most_relevant&ga_search_type=all&ga_view_type=gallery&ga_search_query=dog+sweater&ref=search_in_grid-1-2&pop=1&sts=1,https://www.etsy.com/shop/PatternsFromDaisylin?ref=l2-about-shopname,"Wales, United Kingdom"
15,"Dog sweater pattern, Small and Medium dog sweater pattern, Pet stripe sweater crochet pattern, Cat crochet pattern, Sphynx cat sweater.",3.06,https://www.etsy.com/listing/1086884296/dog-sweater-pattern-small-and-medium-dog?click_key=330c04fbde3dcb7272ceebbea266c9be28b0811c%3A1086884296&click_sum=96cc729d&ga_order=most_relevant&ga_search_type=all&ga_view_type=gallery&ga_search_query=dog+sweater&ref=search_in_grid-1-3&pro=1&sts=1,https://www.etsy.com/shop/CuteOutfitForDogs?ref=l2-about-shopname,Latvia
16,Icelandic Dog Sweater - lopapeysa - wool,54.57,https://www.etsy.com/listing/1061069109/icelandic-dog-sweater-lopapeysa-wool?click_key=632dbd2bf72bdfdfce1970ddc9f3e1ce573f8c5e%3A1061069109&click_sum=660fc0fd&ga_order=most_relevant&ga_search_type=all&ga_view_type=gallery&ga_search_query=dog+sweater&ref=search_in_grid-1-4&frs=1&sts=1,https://www.etsy.com/shop/Anganora?ref=l2-about-shopname,"Reykjavik, Iceland"
17,Maglioncino 100% cashmere “Loro Piana”  per cani di piccola taglia handmade made in Italy cane piccolo small dog teacup jumper dog sweater,52.62,https://www.etsy.com/listing/809378141/maglioncino-100-cashmere-loro-piana-per?click_key=073979ca8af4dbac868c241c2e3859c839f425df%3A809378141&click_sum=4ffbf75e&ga_order=most_relevant&ga_search_type=all&ga_view_type=gallery&ga_search_query=dog+sweater&ref=search_in_grid-1-5,https://www.etsy.com/shop/bebamazzanti66?ref=l2-about-shopname,"City of London, United Kingdom"
18,"Cable Knit Dog Overall, Knitted Dog Sweater, Designer Dog clothes, Pet Clothing, Dog Top and Bottom, Gray Dog Pullover, Turtleneck Sweater",32.40,https://www.etsy.com/listing/209705661/cable-knit-dog-overall-knitted-dog?click_key=b1c86e93af616c8bea38267b1c047e45a8f2fada%3A209705661&click_sum=c20584ae&ga_order=most_relevant&ga_search_type=all&ga_view_type=gallery&ga_search_query=dog+sweater&ref=search_in_grid-1-6&pro=1&sts=1,https://www.etsy.com/shop/BubaDog?ref=l2-about-shopname,Europe
19,"knitting pattern, dogs coat, 3 dog coats in 3 sizes each, pdf, digital download, instant download",1.38,https://www.etsy.com/listing/544363757/knitting-pattern-dogs-coat-3-dog-coats?click_key=1964afa1eb1cf115b24250a1f5a7f0affa1e4db4%3A544363757&click_sum=f96b0117&ga_order=most_relevant&ga_search_type=all&ga_view_type=gallery&ga_search_query=dog+sweater&ref=search_in_grid-1-7&bes=1,https://www.etsy.com/shop/Peachdesigncreate?ref=l2-about-shopname,"Stoke-on-Trent, United Kingdom"
20,Easy Dog Sweater Crochet Pattern | Pink Grey Dog Jumper | Beginner | Instant Digital Download PDF Pattern,4.51,https://www.etsy.com/listing/1108800798/easy-dog-sweater-crochet-pattern-pink?click_key=a9b09e224d1319dc3d917733d58f663396b2e8cc%3A1108800798&click_sum=2ff4ddb7&ga_order=most_relevant&ga_search_type=all&ga_view_type=gallery&ga_search_query=dog+sweater&ref=search_in_grid-1-8&bes=1,https://www.etsy.com/shop/CrochetByKirby?ref=l2-about-shopname,"Leeds, United Kingdom"
21,Christmas wool dog sweater - wool dog sweater- Christmas dog jumper- small dog jumper - handknitted dog sweater- small dog sweater,48.27,https://www.etsy.com/listing/902570176/christmas-wool-dog-sweater-wool-dog?click_key=5a123d860c78f6bd6ac0e832285728e8e0596424%3A902570176&click_sum=011206a1&ga_order=most_relevant&ga_search_type=all&ga_view_type=gallery&ga_search_query=dog+sweater&ref=search_in_grid-2-1,https://www.etsy.com/shop/Pupperito?ref=l2-about-shopname,"Copenhagen, Denmark"
22,PDF Crochet Pattern - Minnie’s turtleneck dog sweater- small dog / puppy clothes,3.13,https://www.etsy.com/listing/939768981/pdf-crochet-pattern-minnies-turtleneck?click_key=67892885a7039fdf7c63149d3ee127a838fbcbcc%3A939768981&click_sum=f3288364&ga_order=most_relevant&ga_search_type=all&ga_view_type=gallery&ga_search_query=dog+sweater&ref=search_in_grid-2-2&sts=1,https://www.etsy.com/shop/MemoryLaneCrochetPDF?ref=l2-about-shopname,"Swansea, United Kingdom"
23,"Dinosaur knitted jumper for small dogs, dinosaur sweater for dog, dachshund dinosaur sweater for dogs",30.00,https://www.etsy.com/listing/658472502/dinosaur-knitted-jumper-for-small-dogs?click_key=daf6fbb5a715868fbafb185ae6bb812c6c5240d5%3A658472502&click_sum=ac0f5c55&ga_order=most_relevant&ga_search_type=all&ga_view_type=gallery&ga_search_query=dog+sweater&ref=search_in_grid-2-3&sts=1,https://www.etsy.com/shop/dachshundknits?ref=l2-about-shopname,"Kyiv, Ukraine"
24,Nonbinari flag knit dog sweater Rainbow striped cat cardigan Pride pet Pride gifts for pets,44.00,https://www.etsy.com/listing/1248950621/nonbinari-flag-knit-dog-sweater-rainbow?click_key=4b5bef3e1f824ede08d53951a5fd1ed032d63935%3A1248950621&click_sum=5b08afa3&ga_order=most_relevant&ga_search_type=all&ga_view_type=gallery&ga_search_query=dog+sweater&ref=search_in_grid-2-4&sts=1,https://www.etsy.com/shop/PrettyPetSweater?ref=l2-about-shopname,Ukraine
25,"44 Dog Clothes Patterns for All Sizes  - Create Individual Pattern for Your Pet - Shirt, Dress, Coat, Polo, Jacket, Overall Sewing Patterns",14.39,https://www.etsy.com/listing/973764441/44-dog-clothes-patterns-for-all-sizes?click_key=46932474dbd4ec7c16ce8ea9f92c9bd85dcf3ce1%3A973764441&click_sum=10c3b9a1&ga_order=most_relevant&ga_search_type=all&ga_view_type=gallery&ga_search_query=dog+sweater&ref=search_in_grid-2-5&pro=1,https://www.etsy.com/shop/PatternsByLara?ref=l2-about-shopname,Ukraine
26,Wool Dog Sweater | Knitted Dog sweater | Gray Dog Sweater | Handmade Dog Sweater | Knit Dog Sweater | Custom Dog Sweater,38.20,https://www.etsy.com/listing/678938200/wool-dog-sweater-knitted-dog-sweater?click_key=6239dbd36512cd7f826f3fe670bf511d091b18ab%3A678938200&click_sum=5de722a0&ga_order=most_relevant&ga_search_type=all&ga_view_type=gallery&ga_search_query=dog+sweater&ref=search_in_grid-2-6&frs=1,https://www.etsy.com/shop/CatellaPets?ref=l2-about-shopname,
27,"VENZEL: dog and cat sweater, jumper, handknitted soft thick cotton, fashion wear clothes, custom made to measure, personalised",41.47,https://www.etsy.com/listing/736124611/venzel-dog-and-cat-sweater-jumper?click_key=a6c309a9275a206842f437d368c82e157f47b9fa%3A736124611&click_sum=911f3f01&ga_order=most_relevant&ga_search_type=all&ga_view_type=gallery&ga_search_query=dog+sweater&ref=search_in_grid-2-7,https://www.etsy.com/shop/LanaRoyals?ref=l2-about-shopname,
28,Loro Piana  100% cashmere per cani di piccola taglia handmade made in Italy cane piccolo small dog teacup jumper dog sweater,56.38,https://www.etsy.com/listing/861071648/loro-piana-100-cashmere-per-cani-di?click_key=01c0579d17f04a824a8c2e83b65fb249e6ea3a61%3A861071648&click_sum=8e5e9f5d&ga_order=most_relevant&ga_search_type=all&ga_view_type=gallery&ga_search_query=dog+sweater&ref=search_in_grid-2-8,https://www.etsy.com/shop/bebamazzanti66?ref=l2-about-shopname,"City of London, United Kingdom"
29,"Personalization Dog Sweater,  Large Dog Sweater, Knitted Woolen Dog Sweater, Custom Dog Sweater",40.00,https://www.etsy.com/listing/786680653/personalization-dog-sweater-large-dog?click_key=baeb4adb6b62b9a9cb0a296e9c79ecebce4b112d%3A786680653&click_sum=d3e4e6da&ga_order=most_relevant&ga_search_type=all&ga_view_type=gallery&ga_search_query=dog+sweater&ref=search_in_grid-3-1,https://www.etsy.com/shop/FamilyDogShop?ref=l2-about-shopname,"Kyiv, Ukraine"
30,Bear dog snood,15.66,https://www.etsy.com/listing/1107848103/bear-dog-snood?click_key=f582403bbd58f0d3aa1a44dc356aa07675a94e2f%3A1107848103&click_sum=3d544db0&ga_order=most_relevant&ga_search_type=all&ga_view_type=gallery&ga_search_query=dog+sweater&ref=search_in_grid-3-2&bes=1,https://www.etsy.com/shop/SnugglySnoodsUKStore?ref=l2-about-shopname,"Bristol, United Kingdom"
31,MOPS & CO. Dog sweater sweater with sewing pattern in 10 sizes - sewing instructions puppies to strong dog firstloungeberlin,3.25,https://www.etsy.com/listing/768953311/mops-co-dog-sweater-sweater-with-sewing?click_key=44647d52a2e0a5b740e70eb288a7d080656bf071%3A768953311&click_sum=3674295a&ga_order=most_relevant&ga_search_type=all&ga_view_type=gallery&ga_search_query=dog+sweater&ref=search_in_grid-3-3&pro=1,https://www.etsy.com/shop/firstloungeberlin?ref=l2-about-shopname,"Walzenhausen, Switzerland"
32,XXS xs s m l xl  Rainbow Colorful Dog Sweater Clothing for Dog HandKnit Rabbit Guinea Pig Roar Dog Pullover Coat Chihuahua Teacup,17.80,https://www.etsy.com/listing/459264236/xxs-xs-s-m-l-xl-rainbow-colorful-dog?click_key=6d62d5a94033c4b55293d76ab369aa707fbb0539%3A459264236&click_sum=1f1da1c2&ga_order=most_relevant&ga_search_type=all&ga_view_type=gallery&ga_search_query=dog+sweater&ref=search_in_grid-3-4&sts=1,https://www.etsy.com/shop/PoshDogBoutique?ref=l2-about-shopname,Bulgaria
33,Knitting Pattern - Hooded Dog Sweater,6.03,https://www.etsy.com/listing/881337287/knitting-pattern-hooded-dog-sweater?click_key=b23e38780b9e432b23bda29a6bd7863e1a374baa%3A881337287&click_sum=d603dd61&ga_order=most_relevant&ga_search_type=all&ga_view_type=gallery&ga_search_query=dog+sweater&ref=search_in_grid-3-5&bes=1&sts=1,https://www.etsy.com/shop/DottyPatterns?ref=l2-about-shopname,"Leeds, United Kingdom"
34,PDF CROCHET PATTERN Chihuahua Granny Stripe Square Sweater Small Dog Jumper,3.76,https://www.etsy.com/listing/1244008058/pdf-crochet-pattern-chihuahua-granny?click_key=a1a08213a4601b5f29efbaf3212bf4543ffe3f9e%3A1244008058&click_sum=71957afb&ga_order=most_relevant&ga_search_type=all&ga_view_type=gallery&ga_search_query=dog+sweater&ref=search_in_grid-3-6&pop=1&sts=1,https://www.etsy.com/shop/RiverBelleCrochet?ref=l2-about-shopname,"Nottingham, United Kingdom"
35,"Crochet dog sweater pattern, Cat clothes pattern, Striped crochet sweater for dogs, Crochet dog vest, Small Medium size",3.06,https://www.etsy.com/listing/1100199883/crochet-dog-sweater-pattern-cat-clothes?click_key=adf20712e792427cafd87debd20bfecd016d226c%3A1100199883&click_sum=47c9b755&ga_order=most_relevant&ga_search_type=all&ga_view_type=gallery&ga_search_query=dog+sweater&ref=search_in_grid-3-7&pro=1&sts=1,https://www.etsy.com/shop/CuteOutfitForDogs?ref=l2-about-shopname,Latvia
36,Personalized Dog Clothes - Monogrammed Dog Sweater - Handmade Dog Clothes - Pet Clothing - Small dog sweater - Puppy sweater - BubaDog,27.90,https://www.etsy.com/listing/549399119/personalized-dog-clothes-monogrammed-dog?click_key=317f812d20b600fc63a5921a7c26a274aa526541%3A549399119&click_sum=92cccbaa&ga_order=most_relevant&ga_search_type=all&ga_view_type=gallery&ga_search_query=dog+sweater&ref=search_in_grid-3-8&pro=1&sts=1,https://www.etsy.com/shop/BubaDog?ref=l2-about-shopname,Europe
37,"custom french bulldog shirt, custom pug shirt, custom dog shirt, fleece dog coat, winter dog shirt, hand made dog coat, warm dog sweater",38.20,https://www.etsy.com/listing/637644897/custom-french-bulldog-shirt-custom-pug?click_key=33a889accbcdc7ca9689eb08b218e032361dec74%3A637644897&click_sum=469d736d&ga_order=most_relevant&ga_search_type=all&ga_view_type=gallery&ga_search_query=dog+sweater&ref=search_in_grid-4-1&sts=1,https://www.etsy.com/shop/DalindaDogFashion?ref=l2-about-shopname,"Genoa, Italy"
38,Knitting Pattern - Basic Dog Sweater,6.03,https://www.etsy.com/listing/767654089/knitting-pattern-basic-dog-sweater?click_key=978f9b0beb36b23cc2480f3020ca7dd13a66f734%3A767654089&click_sum=d4459ee7&ga_order=most_relevant&ga_search_type=all&ga_view_type=gallery&ga_search_query=dog+sweater&ref=search_in_grid-4-2&pop=1&sts=1,https://www.etsy.com/shop/DottyPatterns?ref=l2-about-shopname,"Leeds, United Kingdom"
39,"Dog sweater pattern, 2 crochet sweaters for dogs and cat, Small and Medium dog sweater pattern, Cat crochet pattern, Sphynx cat sweater.",5.03,https://www.etsy.com/listing/1148307932/dog-sweater-pattern-2-crochet-sweaters?click_key=dac78bed927370f00685158b05b0b74563c9e662%3A1148307932&click_sum=7cf73112&ga_order=most_relevant&ga_search_type=all&ga_view_type=gallery&ga_search_query=dog+sweater&ref=search_in_grid-4-3&pro=1&sts=1,https://www.etsy.com/shop/CuteOutfitForDogs?ref=l2-about-shopname,Latvia
40,Handmade knitted fluffy dog sweater/ costume for small dogs in faux fur -  Brown handknitted dog jumper /costume,57.23,https://www.etsy.com/listing/746245535/handmade-knitted-fluffy-dog-sweater?click_key=8255c06f85e5f2a3d4f91e67219933fe75a90c6f%3A746245535&click_sum=b60f3ffc&ga_order=most_relevant&ga_search_type=all&ga_view_type=gallery&ga_search_query=dog+sweater&ref=search_in_grid-4-4,https://www.etsy.com/shop/Pupperito?ref=l2-about-shopname,"Copenhagen, Denmark"
41,"Dog onesie, Hand Knit Dog Overall, Yellow Dog Sweater, Dog clothes, Pet Clothing, Dog Pullover, Turtleneck Sweater, Cabled dog sweater",32.40,https://www.etsy.com/listing/610301501/dog-onesie-hand-knit-dog-overall-yellow?click_key=2d6906183256ec6df2d1f8d902400d923e323074%3A610301501&click_sum=8ba03bf5&ga_order=most_relevant&ga_search_type=all&ga_view_type=gallery&ga_search_query=dog+sweater&ref=search_in_grid-4-5&pro=1&sts=1,https://www.etsy.com/shop/BubaDog?ref=l2-about-shopname,Europe
42,"Small Dog Top Sewing Pattern, Small Dog Clothes Pattern, Dog Sweater Pattern, Blouse Dog PDF, Clothes Pet, Top Dog PDF, Blouse Dog",3.00,https://www.etsy.com/listing/1162391597/small-dog-top-sewing-pattern-small-dog?click_key=fd0d8d7d0f95f938d4e8c830b1c3c1f21c1051e5%3A1162391597&click_sum=7b388148&ga_order=most_relevant&ga_search_type=all&ga_view_type=gallery&ga_search_query=dog+sweater&ref=search_in_grid-4-6,https://www.etsy.com/shop/Palindromi?ref=l2-about-shopname,"Sofia, Bulgaria"
43,Caldo Maglioncino 100% cashmere per cani di piccola taglia handmade made in Italy cane piccolo small dog teacup jumper dog sweater,50.12,https://www.etsy.com/listing/792036388/caldo-maglioncino-100-cashmere-per-cani?click_key=5b4dfc7f8cbe5c854eef3eae0e1a3b7535de245b%3A792036388&click_sum=86da3cb0&ga_order=most_relevant&ga_search_type=all&ga_view_type=gallery&ga_search_query=dog+sweater&ref=search_in_grid-4-7,https://www.etsy.com/shop/bebamazzanti66?ref=l2-about-shopname,"City of London, United Kingdom"
44,Pink Cable Knit Dog Sweater -Small Dog Sweater-Chihuahua sweater-Pet Sweater-Dog Costume Multiple sizes,21.00,https://www.etsy.com/listing/110612584/pink-cable-knit-dog-sweater-small-dog?click_key=fdbddf59c26414fdff6c88c6499fe5e85590b18f%3A110612584&click_sum=71111e09&ga_order=most_relevant&ga_search_type=all&ga_view_type=gallery&ga_search_query=dog+sweater&ref=search_in_grid-4-8&sts=1,https://www.etsy.com/shop/Billeshop?ref=l2-about-shopname,
45,"Dog sweater pattern, Small and Medium dog sweater pattern, Sphynx cat clothes pattern, Crochet pattern for pets, Crochet dog sweater.",3.93,https://www.etsy.com/listing/1186567672/dog-sweater-pattern-small-and-medium-dog?click_key=f2a979ce8e54858799c47459d94e87c64591a62e%3A1186567672&click_sum=1843a810&ga_order=most_relevant&ga_search_type=all&ga_view_type=gallery&ga_search_query=dog+sweater&ref=search_in_grid-5-1&pro=1&sts=1,https://www.etsy.com/shop/CuteOutfitForDogs?ref=l2-about-shopname,Latvia
46,"Handmade fluffy dog jumper in rainbow colors for small dogs, handknitted faux fur rainbow dog jumper for medium dogs, pride dog sweater",59.43,https://www.etsy.com/listing/897908494/handmade-fluffy-dog-jumper-in-rainbow?click_key=87618b390bd52040defa0e03e70d4f786550c24d%3A897908494&click_sum=cfb1336f&ga_order=most_relevant&ga_search_type=all&ga_view_type=gallery&ga_search_query=dog+sweater&ref=search_in_grid-5-2,https://www.etsy.com/shop/Pupperito?ref=l2-about-shopname,"Copenhagen, Denmark"
47,"PDF crochet dog sweater pattern , DIY dog hoodie, Basic sweater for dog, Dog hoodie with bunny ears,  Teacup dog clothes",6.00,https://www.etsy.com/listing/1243973214/pdf-crochet-dog-sweater-pattern-diy-dog?click_key=8678f615a7e5d32da5187e42c36189b68338ff80%3A1243973214&click_sum=152d3d75&ga_order=most_relevant&ga_search_type=all&ga_view_type=gallery&ga_search_query=dog+sweater&ref=search_in_grid-5-3&sts=1,https://www.etsy.com/shop/MomPug?ref=l2-about-shopname,"Nikopol, Ukraine"
48,"Knitted dog sweater, Dog fluffy sweater, Pink dog jumper, Sweater for dogs fur, Yorkie clothes, Jacket for dogs, Custom for dogs",43.00,https://www.etsy.com/listing/524564210/knitted-dog-sweater-dog-fluffy-sweater?click_key=25d764b3623530194f93d28818dcf6db5a4e4c03%3A524564210&click_sum=41cf5984&ga_order=most_relevant&ga_search_type=all&ga_view_type=gallery&ga_search_query=dog+sweater&ref=search_in_grid-5-4&sts=1,https://www.etsy.com/shop/LyudmilaHandmade?ref=l2-about-shopname,"Kharkiv, Ukraine"
49,Small Dog Sweater-Chihuahua sweater-Orange Pet Sweater- Blue Dog Sweater -Dog Costume Size XS,23.00,https://www.etsy.com/listing/221708931/small-dog-sweater-chihuahua-sweater?click_key=379faefc30ce4c32f4865362ce6f3c721b048428%3A221708931&click_sum=63afd7ac&ga_order=most_relevant&ga_search_type=all&ga_view_type=gallery&ga_search_query=dog+sweater&ref=search_in_grid-5-5&sts=1,https://www.etsy.com/shop/Billeshop?ref=l2-about-shopname,
50,"Dinosaur costume for dogs, dachshund dinosaur costume sweater and hat, dino dog cloches, dino dog sweater",78.00,https://www.etsy.com/listing/1029744604/dinosaur-costume-for-dogs-dachshund?click_key=dc700e9c42ac5161beca50e3e933b9021fea4b4a%3A1029744604&click_sum=bf427804&ga_order=most_relevant&ga_search_type=all&ga_view_type=gallery&ga_search_query=dog+sweater&ref=search_in_grid-5-6&sts=1,https://www.etsy.com/shop/dachshundknits?ref=l2-about-shopname,"Kyiv, Ukraine"
51,Bee knit cardigan for cat Big daisy dog sweater for Chihuahua Yorkie Knit dog sweater Dog lover gift Ready to ship,49.00,https://www.etsy.com/listing/1214302447/bee-knit-cardigan-for-cat-big-daisy-dog?click_key=0e3211fd6ce5207f57b6cb1be3ad0d50484d78c1%3A1214302447&click_sum=479c9a69&ga_order=most_relevant&ga_search_type=all&ga_view_type=gallery&ga_search_query=dog+sweater&ref=search_in_grid-5-7&sts=1,https://www.etsy.com/shop/PrettyPetSweater?ref=l2-about-shopname,Ukraine
52,"Dog Sweater with application Panda, Cardigan for dogs pink color, Sweater for dog and cat,  Clothes for small dog, Pink dog coat",45.00,https://www.etsy.com/listing/1268573009/dog-sweater-with-application-panda?click_key=8b1a2fc862e19e8add3119247d6863e454e8644d%3A1268573009&click_sum=175abb4a&ga_order=most_relevant&ga_search_type=all&ga_view_type=gallery&ga_search_query=dog+sweater&ref=search_in_grid-5-8&sts=1,https://www.etsy.com/shop/IrinaWorldHandmade?ref=l2-about-shopname,"Kharkiv, Ukraine"
53,"Sweater for dogs green, knitted clothes for small dogs",42.00,https://www.etsy.com/listing/1103913095/sweater-for-dogs-green-knitted-clothes?click_key=531b230c6676bbc87aa060cb04717e64b6fa042b%3A1103913095&click_sum=b765dc9e&ga_order=most_relevant&ga_search_type=all&ga_view_type=gallery&ga_search_query=dog+sweater&ref=search_in_grid-6-1&sts=1,https://www.etsy.com/shop/LyudmilaHandmade?ref=l2-about-shopname,"Kharkiv, Ukraine"
54,Easter dog sweater with rabbit for small dogs  Handmade Easter bunny outfit for cat Easter gifts for pet,49.00,https://www.etsy.com/listing/1175977839/easter-dog-sweater-with-rabbit-for-small?click_key=aeb2b8e383546633a7ca436b63145dfc09b2cdf2%3A1175977839&click_sum=811c1630&ga_order=most_relevant&ga_search_type=all&ga_view_type=gallery&ga_search_query=dog+sweater&ref=search_in_grid-6-2&sts=1,https://www.etsy.com/shop/PrettyPetSweater?ref=l2-about-shopname,Ukraine
55,Pink fur sweater for a dog Fur coat for dog Sweater for dogs Dog dress Custom clothes for small dogs  Chihuahua York clothes Hoodies for dog,47.00,https://www.etsy.com/listing/1001120240/pink-fur-sweater-for-a-dog-fur-coat-for?click_key=da2e6f91578586027531014aef0b32a56fa52e69%3A1001120240&click_sum=1fbcf69e&ga_order=most_relevant&ga_search_type=all&ga_view_type=gallery&ga_search_query=dog+sweater&ref=search_in_grid-6-3&sts=1,https://www.etsy.com/shop/IrinaWorldHandmade?ref=l2-about-shopname,"Kharkiv, Ukraine"
56,Pink- Gray Cable Knit Dog Sweater -Small Dog Sweater-Chihuahua sweater-Pet Sweater-Dog Costume Multiple sizes,21.00,https://www.etsy.com/listing/683851767/pink-gray-cable-knit-dog-sweater-small?click_key=69cc51db29d5859be9f5dfa3c5b0598664150a7b%3A683851767&click_sum=88e5e63d&ga_order=most_relevant&ga_search_type=all&ga_view_type=gallery&ga_search_query=dog+sweater&ref=search_in_grid-6-4&cns=1&sts=1,https://www.etsy.com/shop/Billeshop?ref=l2-about-shopname,
57,Chunky Dog Sweater Easy Crochet Pattern | Beginner | Instant Digital Download PDF Pattern,4.51,https://www.etsy.com/listing/1094365256/chunky-dog-sweater-easy-crochet-pattern?click_key=286f6b0e8e7c99fc51750e7abf84431b5bdd4ac9%3A1094365256&click_sum=454ecb1b&ga_order=most_relevant&ga_search_type=all&ga_view_type=gallery&ga_search_query=dog+sweater&ref=search_in_grid-6-5,https://www.etsy.com/shop/CrochetByKirby?ref=l2-about-shopname,"Leeds, United Kingdom"
58,Fuchsia Dog Hoodie - Hot Pink Dog Sweater - Fuchsia Dog Jumper - Dog/Puppy Clothing,15.02,https://www.etsy.com/listing/698448123/fuchsia-dog-hoodie-hot-pink-dog-sweater?click_key=237f64bdfa986f3640ccb2b190ac5032a233fae2%3A698448123&click_sum=ec15454f&ga_order=most_relevant&ga_search_type=all&ga_view_type=gallery&ga_search_query=dog+sweater&ref=search_in_grid-6-6,https://www.etsy.com/shop/RichPaw?ref=l2-about-shopname,"Bournemouth, United Kingdom"
59,"Bundle 6 sizes Dog Hoodie Digital Sewing Pattern Pdf, Dog Raglan T-shirt Pattern, Dog Sweatshirt Pdf, Dog Pullover Sewing Pdf",10.00,https://www.etsy.com/listing/1224430514/bundle-6-sizes-dog-hoodie-digital-sewing?click_key=1f71d328701d8e9ccbc2d9df2fce291139dc9d90%3A1224430514&click_sum=7360f4c0&ga_order=most_relevant&ga_search_type=all&ga_view_type=gallery&ga_search_query=dog+sweater&ref=search_in_grid-6-7,https://www.etsy.com/shop/Palindromi?ref=l2-about-shopname,"Sofia, Bulgaria"
60,Dachshund Dog T-Shirt PDF Pattern ALL SIZES,7.99,https://www.etsy.com/listing/569933252/dachshund-dog-t-shirt-pdf-pattern-all?click_key=727bbf8f6cb433c249020994a559e07281f59f0e%3A569933252&click_sum=6fa37283&ga_order=most_relevant&ga_search_type=all&ga_view_type=gallery&ga_search_query=dog+sweater&ref=search_in_grid-6-8&pro=1,https://www.etsy.com/shop/TheTailoress?ref=l2-about-shopname,"England, United Kingdom"
61,Dog apparel / Hand-knit dog sweater / Warm dog clothes / Dog jacket / Pet clothing /Dog coat / Dog outfits / Dog jumper / Size M,54.57,https://www.etsy.com/listing/462579328/dog-apparel-hand-knit-dog-sweater-warm?click_key=5f367a88a918f016da8a2d04b83b56f744f93b87%3A462579328&click_sum=9e481224&ga_order=most_relevant&ga_search_type=all&ga_view_type=gallery&ga_search_query=dog+sweater&ref=search_in_grid-7-1&frs=1&sts=1,https://www.etsy.com/shop/DesignedForDog?ref=l2-about-shopname,"Riga, Latvia"
62,"Extra Small Dog T-shirt Sewing Pattern, Small Dog Clothes Pattern, Dog Sweater Pattern, Blouse Dog PDF, Clothes Pet, Top Dog PDF, Blouse Dog",3.00,https://www.etsy.com/listing/941659366/extra-small-dog-t-shirt-sewing-pattern?click_key=f3a1c6e720fc30d1e16c8f90b4297fb2aa7df11a%3A941659366&click_sum=0f61b094&ga_order=most_relevant&ga_search_type=all&ga_view_type=gallery&ga_search_query=dog+sweater&ref=search_in_grid-7-2,https://www.etsy.com/shop/Palindromi?ref=l2-about-shopname,"Sofia, Bulgaria"
63,MEDIUM Dog Sweater PDF Sewing Pattern,7.84,https://www.etsy.com/listing/497112086/medium-dog-sweater-pdf-sewing-pattern?click_key=d178d934e4e1576c4bb2525186a477234bb02682%3A497112086&click_sum=1bbf83eb&ga_order=most_relevant&ga_search_type=all&ga_view_type=gallery&ga_search_query=dog+sweater&ref=search_in_grid-7-3&pro=1,https://www.etsy.com/shop/TheTailoress?ref=l2-about-shopname,"England, United Kingdom"
64,"Dog  Knitting Sweater, Small Dog Sweater, Dog Sleeveless Sweater, Knited Dog Sweater, Dog Coat, Handmade Dog Sweater",21.41,https://www.etsy.com/listing/984027563/dog-knitting-sweater-small-dog-sweater?click_key=a1282447b5421d00ef0aa0b71ada232c511c6865%3A984027563&click_sum=bd5c172b&ga_order=most_relevant&ga_search_type=all&ga_view_type=gallery&ga_search_query=dog+sweater&ref=search_in_grid-7-4&pro=1,https://www.etsy.com/shop/LuckyDogKnit?ref=l2-about-shopname,Europe
65,Caldo Maglioncino 100% cashmere per cani di piccola taglia handmade made in Italy cane piccolo small dog teacup jumper dog sweater,43.85,https://www.etsy.com/listing/880669943/caldo-maglioncino-100-cashmere-per-cani?click_key=bef8fbf92cd54fda2479e496f3266cc06ed5a093%3A880669943&click_sum=a83d9d8e&ga_order=most_relevant&ga_search_type=all&ga_view_type=gallery&ga_search_query=dog+sweater&ref=search_in_grid-7-5,https://www.etsy.com/shop/bebamazzanti66?ref=l2-about-shopname,"City of London, United Kingdom"
66,Dog Hoodie / Dog hooded sweater - Handmade fleece lined hoodie for dogs - Dark Green,37.59,https://www.etsy.com/listing/511619505/dog-hoodie-dog-hooded-sweater-handmade?click_key=1a84182cdf3a494b078fe37bc8f5ae4cfbb75c23%3A511619505&click_sum=b36b4cfb&ga_order=most_relevant&ga_search_type=all&ga_view_type=gallery&ga_search_query=dog+sweater&ref=search_in_grid-7-6,https://www.etsy.com/shop/AbsoluteHound?ref=l2-about-shopname,"Newcastle upon Tyne, United Kingdom"
67,Warm jacket for a big dog;  Dog clothes; natural wool yarn  sweater for vizsla; costume for large dog; dog jacket; large dog sweater,92.76,https://www.etsy.com/listing/909390108/warm-jacket-for-a-big-dog-dog-clothes?click_key=006e332165e7e616dd04e553939d924ecd116d4c%3A909390108&click_sum=2fb60393&ga_order=most_relevant&ga_search_type=all&ga_view_type=gallery&ga_search_query=dog+sweater&ref=search_in_grid-7-7&frs=1,https://www.etsy.com/shop/LigEdHandmade?ref=l2-about-shopname,"Liepāja, Latvia"
68,3 x sizes small to medium size Crochet Pattern  Turtle neck dog Sweater  in DK Yarn **PDF Instant Download** Pattern ONLY,3.75,https://www.etsy.com/listing/741943038/3-x-sizes-small-to-medium-size-crochet?click_key=e2c6416f928efa8c0489c5b03bf6368aa6d3ac79%3A741943038&click_sum=3a0dea48&ga_order=most_relevant&ga_search_type=all&ga_view_type=gallery&ga_search_query=dog+sweater&ref=search_in_grid-7-8,https://www.etsy.com/shop/OpulentEssenceStore?ref=l2-about-shopname,"Kelty, United Kingdom"
69,Small Dog Sweater-Chihuahua sweater-Pet Sweater-Dog Costume -Knitted Dog Sweater Size S,24.00,https://www.etsy.com/listing/247003786/small-dog-sweater-chihuahua-sweater-pet?click_key=2ddf22f6356c4d73ef27f7a37dfc814447799ab7%3A247003786&click_sum=9dfbf6a4&ga_order=most_relevant&ga_search_type=all&ga_view_type=gallery&ga_search_query=dog+sweater&ref=search_grid-4413-8-1&sts=1,https://www.etsy.com/shop/Billeshop?ref=l2-about-shopname,
70,Caldo Maglioncino 100% cashmere cashmere per cani di piccola taglia handmade made in Italy cane piccolo small dog teacup jumper dog sweater,50.12,https://www.etsy.com/listing/899830059/caldo-maglioncino-100-cashmere-cashmere?click_key=721509f782090f55bffad8c7833cd7ed8ee80063%3A899830059&click_sum=1bc097d0&ga_order=most_relevant&ga_search_type=all&ga_view_type=gallery&ga_search_query=dog+sweater&ref=search_grid-4413-8-2,https://www.etsy.com/shop/bebamazzanti66?ref=l2-about-shopname,"City of London, United Kingdom"
71,Pack of 2 Dog Sweaters | Wool Dog Sweater | Cable-knit Wool Dog Sweater | Handmade Dog Sweater | Knitted Dog Sweater | Knit Dog Sweater,70.94,https://www.etsy.com/listing/853621737/pack-of-2-dog-sweaters-wool-dog-sweater?click_key=0528ca91ed793a36b3f4604dd924cabd8f5a53d7%3A853621737&click_sum=0cdce002&ga_order=most_relevant&ga_search_type=all&ga_view_type=gallery&ga_search_query=dog+sweater&ref=search_grid-4413-8-3&frs=1,https://www.etsy.com/shop/CatellaPets?ref=l2-about-shopname,
72,33 cm length dog unisex sweater. Handmade from LUXURY italian silk mohair. Ready to ship.,33.99,https://www.etsy.com/listing/910517744/33-cm-length-dog-unisex-sweater-handmade?click_key=097646a1c14ead73d789d8e85af5bd87e46413ff%3A910517744&click_sum=898bca82&ga_order=most_relevant&ga_search_type=all&ga_view_type=gallery&ga_search_query=dog+sweater&ref=search_grid-4413-8-4&pro=1,https://www.etsy.com/shop/becauseofcrochet?ref=l2-about-shopname,"Fubine, Italy"
73,"Eco Cashmere 100% Small dog sweater, Luxury chihuahua sweater, Precious chihuahua jumper, Eco friendly dog coat Knit, teacup dog sweater",58.00,https://www.etsy.com/listing/733401913/eco-cashmere-100-small-dog-sweater?click_key=77785b0cf7e86c2e0c2b4111129c5195ffda0ced%3A733401913&click_sum=c931a82c&ga_order=most_relevant&ga_search_type=all&ga_view_type=gallery&ga_search_query=dog+sweater&ref=search_grid-4413-8-5&frs=1&sca=1&sts=1,https://www.etsy.com/shop/nerina52?ref=l2-about-shopname,"Venice, Italy"
74,PINE-APPAW-LICIOUS Dog Sweatshirt - Pineapple Pattern Dog Sweater - Pineapple Blue Dog Jumper - Dog/Puppy Clothing,18.78,https://www.etsy.com/listing/1094310254/pine-appaw-licious-dog-sweatshirt?click_key=b90a691f80e096ba471a3fc5a089f8b711bff563%3A1094310254&click_sum=daffdc6d&ga_order=most_relevant&ga_search_type=all&ga_view_type=gallery&ga_search_query=dog+sweater&ref=search_grid-4413-8-6,https://www.etsy.com/shop/RichPaw?ref=l2-about-shopname,"Bournemouth, United Kingdom"
75,Small dog sweater / Chihuahua coat / Chihuahua sweater / Chihuahua clothing / Pets Fashion Gift / Pets Clothing / Handmade Dog Sweater,17.53,https://www.etsy.com/listing/214010137/small-dog-sweater-chihuahua-coat?click_key=c43b30b50898864a35ad01c24c90f7c539c5accf%3A214010137&click_sum=00e7d2a6&ga_order=most_relevant&ga_search_type=all&ga_view_type=gallery&ga_search_query=dog+sweater&ref=search_grid-4413-8-7,https://www.etsy.com/shop/PetsParade?ref=l2-about-shopname,
76,Dog Sweater / Dog jumper - Handmade fleece lined sweatshirt for dogs - Dark Grey,31.32,https://www.etsy.com/listing/511631921/dog-sweater-dog-jumper-handmade-fleece?click_key=c5e8890f73bc4832bcbe2b7147a44946180d1aa8%3A511631921&click_sum=7384fc1e&ga_order=most_relevant&ga_search_type=all&ga_view_type=gallery&ga_search_query=dog+sweater&ref=search_grid-4413-8-8&etp=1,https://www.etsy.com/shop/AbsoluteHound?ref=l2-about-shopname,"Newcastle upon Tyne, United Kingdom"
77,Halloween dog clothes Halloween dog costume Halloween dog sweater pumpkin dog sweater dog clothes dog costume for halloween halloween puppy,22.00,https://www.etsy.com/listing/197269077/halloween-dog-clothes-halloween-dog?click_key=09c94ece69fd068d39407d77acfbb4f13c4c19d1%3A197269077&click_sum=2921addf&ga_order=most_relevant&ga_search_type=all&ga_view_type=gallery&ga_search_query=dog+sweater&ref=search_in_grid-9-1,https://www.etsy.com/shop/CleverTail?ref=l2-about-shopname,
78,"Personalized dog sweater with initials, dog clothes with letter of name, dog clothes with initials, monogram dog sweater",24.00,https://www.etsy.com/listing/958099994/personalized-dog-sweater-with-initials?click_key=829d6770b2de1e267b6fb43cb12dbdfd5aad850c%3A958099994&click_sum=4b658101&ga_order=most_relevant&ga_search_type=all&ga_view_type=gallery&ga_search_query=dog+sweater&ref=search_in_grid-9-2&sts=1,https://www.etsy.com/shop/dachshundknits?ref=l2-about-shopname,"Kyiv, Ukraine"
79,Sweater for large dogs / Warm winter dog coat / Custom made to order / Big dog clothes,120.05,https://www.etsy.com/listing/1039505921/sweater-for-large-dogs-warm-winter-dog?click_key=1dc992692179a72fd1e6116011db4d09e7479541%3A1039505921&click_sum=4e75115c&ga_order=most_relevant&ga_search_type=all&ga_view_type=gallery&ga_search_query=dog+sweater&ref=search_in_grid-9-3&frs=1,https://www.etsy.com/shop/MioMyDog?ref=l2-about-shopname,"Riga, Latvia"
80,Warm thick snood with 60% wool - winter dog snood - Cocker snood - snood for Basset Hound - dog ears protection - tartan snood for dogs,12.00,https://www.etsy.com/listing/1139365085/warm-thick-snood-with-60-wool-winter-dog?click_key=29767254a647ea2a7bc377265447a39fa0db14bb%3A1139365085&click_sum=9136605a&ga_order=most_relevant&ga_search_type=all&ga_view_type=gallery&ga_search_query=dog+sweater&ref=search_in_grid-9-4,https://www.etsy.com/shop/SnoodsByUgneWinner?ref=l2-about-shopname,"Vilnius, Lithuania"
81,"Hand Knitted Aran Dog Sweaters, Dog Jumpers. Hand knitted in South West Ireland with a Honeycomb cable pattern in Acrylic/Wool mix",28.37,https://www.etsy.com/listing/1316653654/hand-knitted-aran-dog-sweaters-dog?click_key=c852e78be6aac28ba20fd919c250c7f3e3582d6b%3A1316653654&click_sum=04931da0&ga_order=most_relevant&ga_search_type=all&ga_view_type=gallery&ga_search_query=dog+sweater&ref=search_in_grid-9-5&sts=1,https://www.etsy.com/shop/IrishSmallKnits?ref=l2-about-shopname,"Bantry, Ireland"
82,Crochet Valentine Dog Sweater Pattern | Grey White Heart | Valentine | Instant Digital Download PDF Pattern,5.01,https://www.etsy.com/listing/1143985968/crochet-valentine-dog-sweater-pattern?click_key=888eeb498198e03d1a26ed97790e21df09f32821%3A1143985968&click_sum=71ce059b&ga_order=most_relevant&ga_search_type=all&ga_view_type=gallery&ga_search_query=dog+sweater&ref=search_in_grid-9-6,https://www.etsy.com/shop/CrochetByKirby?ref=l2-about-shopname,"Leeds, United Kingdom"
83,Black natural woll ;knitted dog sweater; Warm jumper for a dog;  Dog clothes; costume for large dog; large dog sweater;sweater for vizsla,92.76,https://www.etsy.com/listing/1190804184/black-natural-woll-knitted-dog-sweater?click_key=61e20bea896dfa646b1592f361aa2d50610953cc%3A1190804184&click_sum=69a6ddea&ga_order=most_relevant&ga_search_type=all&ga_view_type=gallery&ga_search_query=dog+sweater&ref=search_in_grid-9-7&frs=1,https://www.etsy.com/shop/LigEdHandmade?ref=l2-about-shopname,"Liepāja, Latvia"
84,"Personalization Dog Sweater With Letter, Knitted Dog Jumper, Weasley Inspired Sweater for Dog, Custom Dog Sweater, Bulldog Sweater",40.00,https://www.etsy.com/listing/737695171/personalization-dog-sweater-with-letter?click_key=8389f37565e527563d461055cba5e98efb4ed196%3A737695171&click_sum=c6cdd273&ga_order=most_relevant&ga_search_type=all&ga_view_type=gallery&ga_search_query=dog+sweater&ref=search_in_grid-9-8,https://www.etsy.com/shop/FamilyDogShop?ref=l2-about-shopname,"Kyiv, Ukraine"
85,Gray Dog Knit Clothes With Pink Flower Coat Jacket Knit Petwear Rabbit Guinea Pig Roar Dog Pullover Cat Apparel Chihuahua Teacup,21.80,https://www.etsy.com/listing/1069552117/gray-dog-knit-clothes-with-pink-flower?click_key=f6a9eae285cbd4a59d4888999923f793968e5b70%3A1069552117&click_sum=8c1945d1&ga_order=most_relevant&ga_search_type=all&ga_view_type=gallery&ga_search_query=dog+sweater&ref=search_in_grid-10-1&sca=1&sts=1,https://www.etsy.com/shop/PoshDogBoutique?ref=l2-about-shopname,Bulgaria
86,Crochet Pattern - Crochet Dog Outfit Pattern - Dog Pattern - Dog Jumper Pattern - Dog Sweater Pattern - 4 Sizes - CP66,4.49,https://www.etsy.com/listing/28290486/crochet-pattern-crochet-dog-outfit?click_key=07ba4239b4124347008968e2940825669bfec04e%3A28290486&click_sum=c9bd50f0&ga_order=most_relevant&ga_search_type=all&ga_view_type=gallery&ga_search_query=dog+sweater&ref=search_in_grid-10-2&sts=1,https://www.etsy.com/shop/ShiFio?ref=l2-about-shopname,"Nairn, United Kingdom"
87,"dog sweater/ autum sweater/ Warm jacket for a big dog/wool sweater for vizsla/costume for dog/ large dog sweater/No Acrylic, Eco-Friendly",92.76,https://www.etsy.com/listing/1148924065/dog-sweater-autum-sweater-warm-jacket?click_key=6ef548e51b4d17ef1a2242bf2397fe0bcb5c6177%3A1148924065&click_sum=28bdefd8&ga_order=most_relevant&ga_search_type=all&ga_view_type=gallery&ga_search_query=dog+sweater&ref=search_in_grid-10-3&frs=1,https://www.etsy.com/shop/LigEdHandmade?ref=l2-about-shopname,"Liepāja, Latvia"
88,PDF DIGITAL DOWNLOAD Quilted dog coat (3 sizes) Sewing Pattern,7.51,https://www.etsy.com/listing/1170520175/pdf-digital-download-quilted-dog-coat-3?click_key=860c130d060e6cb34d06d7fb255ae69eed9e9d36%3A1170520175&click_sum=c23ebbfd&ga_order=most_relevant&ga_search_type=all&ga_view_type=gallery&ga_search_query=dog+sweater&ref=search_in_grid-10-4,https://www.etsy.com/shop/OwlandSewingCat?ref=l2-about-shopname,"Robertsbridge, United Kingdom"
89,Dog coat / sweater in Alpaca and merino wool,49.04,https://www.etsy.com/listing/883071533/dog-coat-sweater-in-alpaca-and-merino?click_key=ff5eb91c1fb05e5ca6e88fc27deb43d8ccf73693%3A883071533&click_sum=6891554e&ga_order=most_relevant&ga_search_type=all&ga_view_type=gallery&ga_search_query=dog+sweater&ref=search_in_grid-10-5,https://www.etsy.com/shop/LARRAS?ref=l2-about-shopname,"Stockholm, Sweden"
90,"Knitting Pattern: Dog Coats in DK Yarn. Three Dog Coats for Small, Medium and Large Dogs. Dog Coats Knitting Pattern",5.63,https://www.etsy.com/listing/934637956/knitting-pattern-dog-coats-in-dk-yarn?click_key=ffbc01402d50ee09072e1bb226291d8a13ed2262%3A934637956&click_sum=47620f89&ga_order=most_relevant&ga_search_type=all&ga_view_type=gallery&ga_search_query=dog+sweater&ref=search_in_grid-10-6&sts=1,https://www.etsy.com/shop/YardandYarnCrafts?ref=l2-about-shopname,United Kingdom
91,Custom Personalised Dog Puppy Pet T-SHIRT Clothes Name Funny- XXS-4XL- Choose your own text/logo/photo- 12 colours- 100% Cotton-Short Sleeve,16.28,https://www.etsy.com/listing/1062608989/custom-personalised-dog-puppy-pet-t?click_key=93b7adaf4e51cadd8c20f077dc6caffec372db76%3A1062608989&click_sum=70be45ae&ga_order=most_relevant&ga_search_type=all&ga_view_type=gallery&ga_search_query=dog+sweater&ref=search_in_grid-10-7,https://www.etsy.com/shop/KapowClothingUK?ref=l2-about-shopname,"Northampton, United Kingdom"
92,"Medium Dog Fleece Polo Sewing Pattern, Sewing Pattern PDF, turtleneck Pattern,Dog Blouse Pattern, Dog Jacket Pattern,Dog's Hoodie Pattern",3.00,https://www.etsy.com/listing/1148442296/medium-dog-fleece-polo-sewing-pattern?click_key=90de3809790b79830477e7ef392cd1e4af1282e6%3A1148442296&click_sum=84c9fa15&ga_order=most_relevant&ga_search_type=all&ga_view_type=gallery&ga_search_query=dog+sweater&ref=search_in_grid-10-8,https://www.etsy.com/shop/Palindromi?ref=l2-about-shopname,"Sofia, Bulgaria"
93,Aqua Dog Hoodie - Aqua Dog Sweater - Aqua Dog Jumper - Dog/Puppy Clothing,15.02,https://www.etsy.com/listing/643837722/aqua-dog-hoodie-aqua-dog-sweater-aqua?click_key=b941eee1523017552de4024b13fdaa46243d6947%3A643837722&click_sum=891e2c3a&ga_order=most_relevant&ga_search_type=all&ga_view_type=gallery&ga_search_query=dog+sweater&ref=search_in_grid-11-1,https://www.etsy.com/shop/RichPaw?ref=l2-about-shopname,"Bournemouth, United Kingdom"
94,"Matching dog and owner organic cotton pullover set, twinning small dog and puppy sweater, cat pullover, dog dad Christmas gift",35.00,https://www.etsy.com/listing/1318475130/matching-dog-and-owner-organic-cotton?click_key=2e857cb366c60798736af432ef376779bb33f073%3A1318475130&click_sum=735e601b&ga_order=most_relevant&ga_search_type=all&ga_view_type=gallery&ga_search_query=dog+sweater&ref=search_in_grid-11-2&pro=1&frs=1&sts=1,https://www.etsy.com/shop/OLLIpets?ref=l2-about-shopname,
95,"Knitted Sweater For Dogs, Personalized Dog Jumper With Pattern, Woolen Dog Sweater, Clothes for Big and Small Dogs",40.00,https://www.etsy.com/listing/730050877/knitted-sweater-for-dogs-personalized?click_key=34356031c61a9d4b5de7368157e6536e5d26d108%3A730050877&click_sum=f0fa515f&ga_order=most_relevant&ga_search_type=all&ga_view_type=gallery&ga_search_query=dog+sweater&ref=search_in_grid-11-3,https://www.etsy.com/shop/FamilyDogShop?ref=l2-about-shopname,"Kyiv, Ukraine"
96,"6.5"" Hand Knitted DOG PUPPY jumper sweater",11.26,https://www.etsy.com/listing/1084642276/65-hand-knitted-dog-puppy-jumper-sweater?click_key=2edae6d197fdb79f7e7b3092b1fc93a60a61650c%3A1084642276&click_sum=209acec4&ga_order=most_relevant&ga_search_type=all&ga_view_type=gallery&ga_search_query=dog+sweater&ref=search_in_grid-11-4,https://www.etsy.com/shop/misulestercraft?ref=l2-about-shopname,"Bristol, United Kingdom"
97,3 x Sizes Crochet Dog Sweater/Coat pattern in ARAN Yarn **PDF Instant Download** Pattern ONLY,3.75,https://www.etsy.com/listing/781241985/3-x-sizes-crochet-dog-sweatercoat?click_key=109c60faf0b7774de8aebe6aa4f4653ee1c1645c%3A781241985&click_sum=409ffff3&ga_order=most_relevant&ga_search_type=all&ga_view_type=gallery&ga_search_query=dog+sweater&ref=search_in_grid-11-5,https://www.etsy.com/shop/OpulentEssenceStore?ref=l2-about-shopname,"Kelty, United Kingdom"
98,"Dog sweater knitting pattern, dog sweater pattern, dog sweater, dog clothes, dog jumper pattern, dog sweater small, medium, large,",7.52,https://www.etsy.com/listing/792030555/dog-sweater-knitting-pattern-dog-sweater?click_key=9d449856bfed31624988d0ee1f513b16f079c11d%3A792030555&click_sum=19a60b3f&ga_order=most_relevant&ga_search_type=all&ga_view_type=gallery&ga_search_query=dog+sweater&ref=search_in_grid-11-6,https://www.etsy.com/shop/HandyLittleMe?ref=l2-about-shopname,"Newcastle upon Tyne, United Kingdom"
99,"Cable Knit Dog Sweater, Fisherman Dog Sweater, Turtleneck Dog Jumper, Pet Pullover, Thick Dog Sweater, Small Dog Jumper, Large Dog Sweater",30.40,https://www.etsy.com/listing/899369860/cable-knit-dog-sweater-fisherman-dog?click_key=e19d84496a992644164d14c278d9be116256bcb9%3A899369860&click_sum=784877fc&ga_order=most_relevant&ga_search_type=all&ga_view_type=gallery&ga_search_query=dog+sweater&ref=search_in_grid-11-7&pro=1&sts=1,https://www.etsy.com/shop/TilkilopShop?ref=l2-about-shopname,"Trabzon, Turkey"
100,Tweed tuxedo dog suit harness Made to Measure. Choose your own suit and tie colours Perfect for weddings,68.91,https://www.etsy.com/listing/724559462/tweed-tuxedo-dog-suit-harness-made-to?click_key=8bc04b15e643b2b521f9105566687c9cbd01e64b%3A724559462&click_sum=7460736b&ga_order=most_relevant&ga_search_type=all&ga_view_type=gallery&ga_search_query=dog+sweater&ref=search_in_grid-11-8&bes=1,https://www.etsy.com/shop/MuttsandMarriage?ref=l2-about-shopname,"Upminster, United Kingdom"
101,Wool Dog Sweater | Knitted Dog Sweater | White Dog Sweater | Handmade Dog Sweater | Knit Dog Sweater |Custom Dog Sweater,38.20,https://www.etsy.com/listing/800569755/wool-dog-sweater-knitted-dog-sweater?click_key=89c4800d470c846acc6e323b54436c80b96e0bb9%3A800569755&click_sum=91a398a1&ga_order=most_relevant&ga_search_type=all&ga_view_type=gallery&ga_search_query=dog+sweater&ref=search_grid-423553-12-1&frs=1,https://www.etsy.com/shop/CatellaPets?ref=l2-about-shopname,
102,"Tracksuit for Dog, Dog Suit, Dog Сostumes, Pyjama for Dog, Dog Tracksuit, Dog clothes, Pet clothes, Dog coat, Dog Jacket, Dog Sweater",37.00,https://www.etsy.com/listing/1272000322/tracksuit-for-dog-dog-suit-dog-sostumes?click_key=8104823bfa77a042799132e6032ba65cd94f96bc%3A1272000322&click_sum=ed04f48e&ga_order=most_relevant&ga_search_type=all&ga_view_type=gallery&ga_search_query=dog+sweater&ref=search_grid-423553-12-2,https://www.etsy.com/shop/DogsBomba?ref=l2-about-shopname,"Kharkiv, Ukraine"
103,"Dog sweater knitting pattern, dog sweater pattern, dog sweater, dog clothes, dog jumper pattern, dog sweater small, medium, large,",7.52,https://www.etsy.com/listing/1185207399/dog-sweater-knitting-pattern-dog-sweater?click_key=b64bb90b83a975f2465c842452aec66581d94795%3A1185207399&click_sum=2c302c03&ga_order=most_relevant&ga_search_type=all&ga_view_type=gallery&ga_search_query=dog+sweater&ref=search_grid-423553-12-3,https://www.etsy.com/shop/HandyLittleMe?ref=l2-about-shopname,"Newcastle upon Tyne, United Kingdom"
104,Handmade knitted sweater for dogs/Вязаный свитер для собак ручной работы,48.02,https://www.etsy.com/listing/1315095916/handmade-knitted-sweater-for-dogsvazanyj?click_key=594559ddda8934df08c28b9722243b1e1eb38d76%3A1315095916&click_sum=91961d24&ga_order=most_relevant&ga_search_type=all&ga_view_type=gallery&ga_search_query=dog+sweater&ref=search_grid-423553-12-4&frs=1,https://www.etsy.com/shop/ClassyDogEE?ref=l2-about-shopname,
105,Knit sweater for dog with name and paw. Personalized turtleneck hand knitted dog jumper with name. Custom knit dog clothes.,21.00,https://www.etsy.com/listing/1111448652/knit-sweater-for-dog-with-name-and-paw?click_key=1e21e8a942971bdc82b1655654ca25aeb689d967%3A1111448652&click_sum=3d3f40ad&ga_order=most_relevant&ga_search_type=all&ga_view_type=gallery&ga_search_query=dog+sweater&ref=search_grid-423553-12-5,https://www.etsy.com/shop/ZetStarHandmade?ref=l2-about-shopname,"Ankara, Turkey"
106,Christmas Bow Ties For Dogs | BOX OF 25 | Dog Groomer Bows | Xmas Bow Ties | Collar Bows | Cute Christmas Bows For Dogs | Dog Grooming,32.56,https://www.etsy.com/listing/1306446638/christmas-bow-ties-for-dogs-box-of-25?click_key=cf4d893bc734ef4a88b3d91ebe9e5a07314703eb%3A1306446638&click_sum=d215c3d0&ga_order=most_relevant&ga_search_type=all&ga_view_type=gallery&ga_search_query=dog+sweater&ref=search_grid-423553-12-6&pop=1&sts=1,https://www.etsy.com/shop/BowTidyBows?ref=l2-about-shopname,"Chichester, United Kingdom"
107,Luxury winter Dog coats waterproof sheepskin fleece warm and stylish Handmade Adjustable Great Gift For Winter,6.26,https://www.etsy.com/listing/645674041/luxury-winter-dog-coats-waterproof?click_key=4c046d8accace4ef054d40d277d7d99b93f06aae%3A645674041&click_sum=73a0b180&ga_order=most_relevant&ga_search_type=all&ga_view_type=gallery&ga_search_query=dog+sweater&ref=search_grid-423553-12-7,https://www.etsy.com/shop/HowlersBoutiqueGifts?ref=l2-about-shopname,"Portsmouth, United Kingdom"
108,Designer Dog Sweater | Cozy Dog Fleece Hoodie | EU Made | Perfect Fit | Luxury Winter Dog Coat | Small Dog Clothes | Embroidered  Dog Hoodie,74.21,https://www.etsy.com/listing/766007634/designer-dog-sweater-cozy-dog-fleece?click_key=6e813b3bab0e4e8e4b07e27273827060fc52e73a%3A766007634&click_sum=00b7fbeb&ga_order=most_relevant&ga_search_type=all&ga_view_type=gallery&ga_search_query=dog+sweater&ref=search_grid-423553-12-8&frs=1&sts=1,https://www.etsy.com/shop/BestDogRaincoats?ref=l2-about-shopname,"Šiauliai, Lithuania"
109,XXS Tiny Chihuahua Puppy Kitten Jumper Crochet Sweater size 1,13.77,https://www.etsy.com/listing/920410284/xxs-tiny-chihuahua-puppy-kitten-jumper?click_key=1dda5388a61982b0c628c50d352f66c114fa8589%3A920410284&click_sum=7bcd3bca&ga_order=most_relevant&ga_search_type=all&ga_view_type=gallery&ga_search_query=dog+sweater&ref=search_in_grid-13-1&pop=1&sts=1,https://www.etsy.com/shop/RiverBelleCrochet?ref=l2-about-shopname,"Nottingham, United Kingdom"
110,"Pebble art family of 4, Pebble art gift, Pebble art picture, Pebble art dog, Pebble art family of four, Family new home, Family with dog",63.90,https://www.etsy.com/listing/578403933/pebble-art-family-of-4-pebble-art-gift?click_key=dd2a611588563c67ef84e7d2391fee027c2b3199%3A578403933&click_sum=bc4d778e&ga_order=most_relevant&ga_search_type=all&ga_view_type=gallery&ga_search_query=dog+sweater&ref=search_in_grid-13-2&sts=1,https://www.etsy.com/shop/PebbleArtbyMangolia?ref=l2-about-shopname,"Barnard Castle, United Kingdom"
111,"Winter Sweater For Dogs, Knitted Dog Sweater, Sweater For Large Dogs, Orange Dog Jacket, Jumper For Pets",40.00,https://www.etsy.com/listing/723833788/winter-sweater-for-dogs-knitted-dog?click_key=5a1a49619a3cb83609d8dc0b0356c7f0ea9ef06d%3A723833788&click_sum=9ac9550c&ga_order=most_relevant&ga_search_type=all&ga_view_type=gallery&ga_search_query=dog+sweater&ref=search_in_grid-13-3,https://www.etsy.com/shop/FamilyDogShop?ref=l2-about-shopname,"Kyiv, Ukraine"
112,"Ugly Sweater Christmas Lights Boxer Dog Lover T-Shirt, Hoodie, Sweatshirt - 46666",11.26,https://www.etsy.com/listing/1334700841/ugly-sweater-christmas-lights-boxer-dog?click_key=72656e6241bf48ef72334f53bec3425e7279717b%3A1334700841&click_sum=39450ada&ga_order=most_relevant&ga_search_type=all&ga_view_type=gallery&ga_search_query=dog+sweater&ref=search_in_grid-13-4,https://www.etsy.com/shop/PhatBuddah?ref=l2-about-shopname,United Kingdom
113,Dog Christmas Penguin Jumper,31.31,https://www.etsy.com/listing/905745301/dog-christmas-penguin-jumper?click_key=6f21a0428bea182c53617a71ae7a5d7bbb1557bd%3A905745301&click_sum=d5f9b08d&ga_order=most_relevant&ga_search_type=all&ga_view_type=gallery&ga_search_query=dog+sweater&ref=search_in_grid-13-5&etp=1,https://www.etsy.com/shop/HotdogPetwear?ref=l2-about-shopname,"London, United Kingdom"
114,"Organic cotton, Handmade Dog Hoodie (clothes for small size dogs) dog sweater, Dog clothes,",39.29,https://www.etsy.com/listing/890145021/organic-cotton-handmade-dog-hoodie?click_key=5802ad4eda459f8271f3fbe6ecb3582d82cd986d%3A890145021&click_sum=deff0fa0&ga_order=most_relevant&ga_search_type=all&ga_view_type=gallery&ga_search_query=dog+sweater&ref=search_in_grid-13-6&pro=1&frs=1,https://www.etsy.com/shop/LolaDogFashion?ref=l2-about-shopname,
115,"Pdf knitting pattern Dog hats,pompoms Dog Hat,Small Dog Hat,Knitted Dog Hat,Dog Clothes,Dog Fashion,Gift dog,Pet Lover Gift,knitting pattern",3.20,https://www.etsy.com/listing/1107282879/pdf-knitting-pattern-dog-hatspompoms-dog?click_key=b12f37562a6e4376ef87b8c736c5477da7bc1dd9%3A1107282879&click_sum=42cd2203&ga_order=most_relevant&ga_search_type=all&ga_view_type=gallery&ga_search_query=dog+sweater&ref=search_in_grid-13-7,https://www.etsy.com/shop/LittlePrettyBoutiqu?ref=l2-about-shopname,"Dnipro, Ukraine"
116,INSTANT DOWNLOAD PDF  Vintage Knitting Pattern   Aran Button Up Dog Sweater Coat Jumper  Pet Gift,1.88,https://www.etsy.com/listing/1266307493/instant-download-pdf-vintage-knitting?click_key=3a985b313a101b6e55009d24c305b84bff12b78a%3A1266307493&click_sum=549c8581&ga_order=most_relevant&ga_search_type=all&ga_view_type=gallery&ga_search_query=dog+sweater&ref=search_in_grid-13-8,https://www.etsy.com/shop/ChristmasCrochetCo?ref=l2-about-shopname,
117,Italian greyhound turtleneck sweater Wool Whippet clothing Hand knit Large dog jumper Big dog clothes,87.31,https://www.etsy.com/listing/1237110481/italian-greyhound-turtleneck-sweater?click_key=c36e5c281e8f0e53b1dcb0e8183b7e81b355e1af%3A1237110481&click_sum=0a31efba&ga_order=most_relevant&ga_search_type=all&ga_view_type=gallery&ga_search_query=dog+sweater&ref=search_in_grid-14-1&frs=1,https://www.etsy.com/shop/WoolenWoolShop?ref=l2-about-shopname,"Siauliai, Lithuania"
118,XLARGE Dog pet pink reindeer Christmas Sweater,28.81,https://www.etsy.com/listing/1311177617/xlarge-dog-pet-pink-reindeer-christmas?click_key=2258a86a12dcf289d3b9a74e993abe02c86d61d0%3A1311177617&click_sum=6ff9a53d&ga_order=most_relevant&ga_search_type=all&ga_view_type=gallery&ga_search_query=dog+sweater&ref=search_in_grid-14-2,https://www.etsy.com/shop/MamasPets?ref=l2-about-shopname,"Wigan, United Kingdom"
119,Dog sweater made of organic virgin wool | Hand-knitted | Dog sweater | Dog coat | Animal jackets and wool sweaters | Dog clothing | Model Alex(a),28.47,https://www.etsy.com/listing/883433176/dog-sweater-made-of-organic-virgin-wool?click_key=501253201a25477eb4880db480346bb94320f9ec%3A883433176&click_sum=1cb832b5&ga_order=most_relevant&ga_search_type=all&ga_view_type=gallery&ga_search_query=dog+sweater&ref=search_in_grid-14-3&pro=1&sts=1,https://www.etsy.com/shop/HYGGLYeu?ref=l2-about-shopname,"Bavaria, Germany"
120,Pack of 2 Dog Sweaters | Wool Dog Sweater | Cable-knit Wool Dog Sweater | Handknit Dog Sweater | Knitted Dog Sweater | Knit Dog Sweater,70.94,https://www.etsy.com/listing/853625955/pack-of-2-dog-sweaters-wool-dog-sweater?click_key=88603b1560a90e0af20cca736ea63bf96ce8ccc2%3A853625955&click_sum=e92ed8db&ga_order=most_relevant&ga_search_type=all&ga_view_type=gallery&ga_search_query=dog+sweater&ref=search_in_grid-14-4&frs=1,https://www.etsy.com/shop/CatellaPets?ref=l2-about-shopname,
121,Stripped Retro Dog Sweater |  Warm Winter Dog Jumper | Designer Dog Clothes |  Colorful Crochet Knit Sweater |,62.65,https://www.etsy.com/listing/1163109013/stripped-retro-dog-sweater-warm-winter?click_key=300b480417346a3fdca337f1a442d9a2de6cd82b%3A1163109013&click_sum=1c631e88&ga_order=most_relevant&ga_search_type=all&ga_view_type=gallery&ga_search_query=dog+sweater&ref=search_in_grid-14-5&frs=1,https://www.etsy.com/shop/BespokeTails?ref=l2-about-shopname,"London, United Kingdom"
122,"Crochet dog sweater pattern, Crochet dog hat pattern, Sweater and hat patterns for dogs, Small and Medium dog sweater, Cat sweater pattern",4.78,https://www.etsy.com/listing/1269735882/crochet-dog-sweater-pattern-crochet-dog?click_key=0b3b206e44b4bf794f7540caf77dc31a28e7ffc6%3A1269735882&click_sum=4f27327e&ga_order=most_relevant&ga_search_type=all&ga_view_type=gallery&ga_search_query=dog+sweater&ref=search_in_grid-14-6&pro=1&sts=1,https://www.etsy.com/shop/CuteOutfitForDogs?ref=l2-about-shopname,Latvia
123,"Long sleeved Dog Hoodie, Vinyl cotton sweatshirt for Pet, Funny slogan Hooded Streetwear for Dogs, Outfit Gift for Pet, Sassy Dog Fashion",20.74,https://www.etsy.com/listing/1161448496/long-sleeved-dog-hoodie-vinyl-cotton?click_key=dd8991cb50ff981b7306e2de5f796a679457f7ee%3A1161448496&click_sum=52288dd2&ga_order=most_relevant&ga_search_type=all&ga_view_type=gallery&ga_search_query=dog+sweater&ref=search_in_grid-14-7,https://www.etsy.com/shop/MasterNotDisaster?ref=l2-about-shopname,
124,"Reindeer Dog Sweater, Green small dog jumper, Moose pattern cat sweater, Christmas dog pullover, Sphynx cat clothes, Elk sweater, Deer motif",29.90,https://www.etsy.com/listing/500835447/reindeer-dog-sweater-green-small-dog?click_key=dfa37961d6bfe499a71956dbee2fa83a94529741%3A500835447&click_sum=665d50a7&ga_order=most_relevant&ga_search_type=all&ga_view_type=gallery&ga_search_query=dog+sweater&ref=search_in_grid-14-8,https://www.etsy.com/shop/PAWSAREWONDERFUL?ref=l2-about-shopname,"Istanbul, Turkey"
125,"Dusty rose knit dog sweater, Dusty pink dog clothes, Chihuahua Coat, Blush pink dog Jacket,Dog dress with skirt, Rose Yorkie Chihuahua Dress",25.00,https://www.etsy.com/listing/918930011/dusty-rose-knit-dog-sweater-dusty-pink?click_key=b06b31b2c0cf6d1d68db6e9b12c2a90b4afe9dc0%3A918930011&click_sum=55cf4c19&ga_order=most_relevant&ga_search_type=all&ga_view_type=gallery&ga_search_query=dog+sweater&ref=search_in_grid-15-1,https://www.etsy.com/shop/MagicCraftBox?ref=l2-about-shopname,"Chișinău, Moldova"
126,Waterproof Snood  - Dog Hat - Dog Snood- Bark&Go,22.00,https://www.etsy.com/listing/1067461552/waterproof-snood-dog-hat-dog-snood?click_key=08e380a49faac5d76d93f0ad7df7c78727869a93%3A1067461552&click_sum=cbb4767d&ga_order=most_relevant&ga_search_type=all&ga_view_type=gallery&ga_search_query=dog+sweater&ref=search_in_grid-15-2&sts=1,https://www.etsy.com/shop/BarkAndGo?ref=l2-about-shopname,"Lviv, Ukraine"
127,"BFF Embroidered Dog & Human Matching Hoodies, Best Friend Dog Hoodie, My Dog is My Bestie, Best Friend Gift, Dog Lover Gift, Loungewear",43.85,https://www.etsy.com/listing/1071178406/bff-embroidered-dog-human-matching?click_key=103bb2c896e599c01538258468bbb7d717be977d%3A1071178406&click_sum=e58011ec&ga_order=most_relevant&ga_search_type=all&ga_view_type=gallery&ga_search_query=dog+sweater&ref=search_in_grid-15-3&pop=1,https://www.etsy.com/shop/WithCongratulations?ref=l2-about-shopname,"Gloucester, United Kingdom"
128,"Buttoned Dog knitted, Dog Sweater Autumn and Winter Clothes, Luxury Dog Sweater, Warm Dog Clothes, Pet Clothing",31.32,https://www.etsy.com/listing/1137991095/buttoned-dog-knitted-dog-sweater-autumn?click_key=35e1d3a63b06e2c9eeffeac6cdc16e2200b75b3b%3A1137991095&click_sum=633e0eab&ga_order=most_relevant&ga_search_type=all&ga_view_type=gallery&ga_search_query=dog+sweater&ref=search_in_grid-15-4&frs=1,https://www.etsy.com/shop/Mylovepet?ref=l2-about-shopname,"London, United Kingdom"
129,Dog clothes rhombuses - Chihuahua sweater - Alpaca -  Dog fashion - XXS - Pet Sweater - Small dog clothes - Custom Dog Clothing,43.65,https://www.etsy.com/listing/825333388/dog-clothes-rhombuses-chihuahua-sweater?click_key=52788aa6cbfacf78a600fd6e9019c89321b32b0d%3A825333388&click_sum=9d485183&ga_order=most_relevant&ga_search_type=all&ga_view_type=gallery&ga_search_query=dog+sweater&ref=search_in_grid-15-5,https://www.etsy.com/shop/Puppy1Love?ref=l2-about-shopname,"Paris, France"
130,Sweatshirt Colleagues. Size XL,21.72,https://www.etsy.com/listing/1310691847/sweatshirt-colleagues-size-xl?click_key=dc4bb3f47a4737cd916ccd74767519c045d7edf5%3A1310691847&click_sum=b5fe97ff&ga_order=most_relevant&ga_search_type=all&ga_view_type=gallery&ga_search_query=dog+sweater&ref=search_in_grid-15-6,https://www.etsy.com/shop/FogardeBreocan?ref=l2-about-shopname,"Lugo, Spain"
131,"Matching Dog Owner Set, Chunky Bubble Sleeve Cardigan, Dog Jumper, Thick Dog Sweater, Dog Mom Gift, Bubble Bomber, Wool Pom Pom Cardigan",88.00,https://www.etsy.com/listing/889528200/matching-dog-owner-set-chunky-bubble?click_key=074dff9f797f8bd1d1d12385c0ff93fdf481c040%3A889528200&click_sum=f3ebbbf5&ga_order=most_relevant&ga_search_type=all&ga_view_type=gallery&ga_search_query=dog+sweater&ref=search_in_grid-15-7&pro=1&sts=1,https://www.etsy.com/shop/TilkilopShop?ref=l2-about-shopname,"Trabzon, Turkey"
132,Dog teddy bear fleece  poloneck jumpers. For in or outdoor wear.,5.33,https://www.etsy.com/listing/903151000/dog-teddy-bear-fleece-poloneck-jumpers?click_key=7cc0358b2660f036d64e111a68a2b45d655f5964%3A903151000&click_sum=03d96fa4&ga_order=most_relevant&ga_search_type=all&ga_view_type=gallery&ga_search_query=dog+sweater&ref=search_in_grid-15-8,https://www.etsy.com/shop/ThePoshPawsCompany?ref=l2-about-shopname,"Birmingham, United Kingdom"
133,"Pdf knitting pattern cable Dog hats,Bulky Cable Knit hat/Fur pom Dog Hat,Small Dog Hat,Knitted Dog Hat,Dog Fashion,Gift dog,Pet Lover Gift",3.20,https://www.etsy.com/listing/1134017757/pdf-knitting-pattern-cable-dog-hatsbulky?click_key=fd29edc1c83d186c00eb40f2214207ea9c2ba1e8%3A1134017757&click_sum=c96ec3bc&ga_order=most_relevant&ga_search_type=all&ga_view_type=gallery&ga_search_query=dog+sweater&ref=search_in_grid-16-1,https://www.etsy.com/shop/LittlePrettyBoutiqu?ref=l2-about-shopname,"Dnipro, Ukraine"
134,PDF Knitting PATTERN - Banff Dog Winter Jacket /Mommy and Me Knit Set/Chunky Dog Sweater/ Cat Dog Clothing/Buttoned Pet Cardigan,5.01,https://www.etsy.com/listing/903755760/pdf-knitting-pattern-banff-dog-winter?click_key=1305f2fea43e203ad678b6903231ce37411ee37d%3A903755760&click_sum=d8182856&ga_order=most_relevant&ga_search_type=all&ga_view_type=gallery&ga_search_query=dog+sweater&ref=search_in_grid-16-2,https://www.etsy.com/shop/CamexiaDesigns?ref=l2-about-shopname,"London, United Kingdom"
135,Westie Winter Dog Coat - Dog Jacket with underbelly protection -  Custom made Dog Raincoat - Waterproof / Fleece - Made to order,84.03,https://www.etsy.com/listing/204599112/westie-winter-dog-coat-dog-jacket-with?click_key=c105391fe337a789f71ac5874419ec82453687e1%3A204599112&click_sum=eae79e73&ga_order=most_relevant&ga_search_type=all&ga_view_type=gallery&ga_search_query=dog+sweater&ref=search_in_grid-16-3,https://www.etsy.com/shop/PepperPetWear?ref=l2-about-shopname,"Budapest, Hungary"
136,Dog Sweater - Knit Dog clothes - Dog Sweater - Small dog Clothes - Handmade Pet Clothing,40.00,https://www.etsy.com/listing/207379066/dog-sweater-knit-dog-clothes-dog-sweater?click_key=28629c4ad2f08bab37b93b0886370ab3d017c75d%3A207379066&click_sum=16a3a8a3&ga_order=most_relevant&ga_search_type=all&ga_view_type=gallery&ga_search_query=dog+sweater&ref=search_in_grid-16-4&frs=1&etp=1,https://www.etsy.com/shop/RakushaKnittingShop?ref=l2-about-shopname,"Riga, Latvia"
137,3 Sizes Crochet Dog Sweater/Coat in CHUNKY Yarn **PDF Instant Download** Pattern ONLY,3.75,https://www.etsy.com/listing/794059159/3-sizes-crochet-dog-sweatercoat-in?click_key=054ed8598b677a9f8fae21f357c9e2ca0bf55b25%3A794059159&click_sum=c8c875a5&ga_order=most_relevant&ga_search_type=all&ga_view_type=gallery&ga_search_query=dog+sweater&ref=search_in_grid-16-5,https://www.etsy.com/shop/OpulentEssenceStore?ref=l2-about-shopname,"Kelty, United Kingdom"
138,White handknitted faux fur sweater with hoodie for small dogs - white fluffy soft handmade dog jumper -white dog coat with hoodie,59.43,https://www.etsy.com/listing/1117469786/white-handknitted-faux-fur-sweater-with?click_key=1fd6bbfaae31edf5fbfe766056456d9c053d8d51%3A1117469786&click_sum=85194c76&ga_order=most_relevant&ga_search_type=all&ga_view_type=gallery&ga_search_query=dog+sweater&ref=search_in_grid-16-6,https://www.etsy.com/shop/Pupperito?ref=l2-about-shopname,"Copenhagen, Denmark"
139,Dog hoodie | dog hoody | pet hoodies | black hoodie | grey hoodie | blue hoodie| dog clothing | dapper dog | dog sweater jumper,21.24,https://www.etsy.com/listing/1069005277/dog-hoodie-dog-hoody-pet-hoodies-black?click_key=e7de40eeaa885e7d943e6b275ef27aec591cfedf%3A1069005277&click_sum=cbab6b2c&ga_order=most_relevant&ga_search_type=all&ga_view_type=gallery&ga_search_query=dog+sweater&ref=search_in_grid-16-7&sts=1,https://www.etsy.com/shop/KooKooPooch?ref=l2-about-shopname,"Chester, United Kingdom"
140,Hotdog Orangeflower Dog Jumper,37.58,https://www.etsy.com/listing/1095194517/hotdog-orangeflower-dog-jumper?click_key=c2184d22865533a1452291f9bd7a11423c188018%3A1095194517&click_sum=d497d7b2&ga_order=most_relevant&ga_search_type=all&ga_view_type=gallery&ga_search_query=dog+sweater&ref=search_in_grid-16-8&etp=1,https://www.etsy.com/shop/HotdogPetwear?ref=l2-about-shopname,"London, United Kingdom"
141,Spaniel Waterproof Dog Raincoat Plain Color - MEMBRANE - Full Body Suit - Dog Coat - Dog Clothing - Pet Clothes - Custom OrderBark&Go,103.00,https://www.etsy.com/listing/783710021/spaniel-waterproof-dog-raincoat-plain?click_key=067c259b2c1e03c3032a4b44555180d5b8b7dc6b%3A783710021&click_sum=39b39f8a&ga_order=most_relevant&ga_search_type=all&ga_view_type=gallery&ga_search_query=dog+sweater&ref=search_grid-424656-17-1&sts=1,https://www.etsy.com/shop/BarkAndGo?ref=l2-about-shopname,"Lviv, Ukraine"
142,"TERRACOTTA: retro rust dog jumper, raglan soft polar sweatshirt, small puppy clothes, dog fashion wear, pet clothing, shirt, sweater, top",29.47,https://www.etsy.com/listing/1295247079/terracotta-retro-rust-dog-jumper-raglan?click_key=a15ce374313510d2f7852c1a417c6e71593056cb%3A1295247079&click_sum=9a4d8348&ga_order=most_relevant&ga_search_type=all&ga_view_type=gallery&ga_search_query=dog+sweater&ref=search_grid-424656-17-2,https://www.etsy.com/shop/LanaRoyals?ref=l2-about-shopname,
